Day,Date (relative),Activity,Output,Approx Effort (hrs)
1,Day 1,Read assessment brief + SDD Blueprint; ran Discovery against the brief (no live stakeholder available),assessment/01-discovery-analysis.md; .ai-context/BRD.md,3
2,Day 2,Authored spec.md v1.0 - Intent/Context/API Contract/Acceptance Criteria/Unit Test Cases,.ai-context/specs/employee-internal-transfer.spec.md (v1.0),3.5
3,Day 3,Authored QA-expanded spec-derived test cases (data variation/negative/regression),.ai-context/test_cases/employee-internal-transfer.test_cases.md,3
4,Day 4,Gate 1 adversarial peer review of v1.0; 3 blocking findings + 1 nit; spec revised to v1.1 and re-approved same day,assessment/09-gate1-review.md; spec.md v1.1,2
5,Day 5,Authored plan.md (architecture/data model/constitution check/failure-path handling) + ADR-0001 + ADR-0002,.ai-context/plans/employee-internal-transfer.plan.md; .ai-context/decisions/ADR-0001*.md; ADR-0002*.md,3.5
6,Day 6,Generated tasks.md from plan Sequencing; documented AI prompts used per task,.ai-context/tasks/employee-internal-transfer.tasks.md; assessment/07-ai-prompts.md,2.5
7,Day 7,Test-first backend implementation (T01-T06); found + fixed a spec gap (Manager Review unreachable state -> spec v1.2) mid-build; ran full suite against real Postgres in Docker,backend/src/**; backend/tests/transferRequests.test.js; 20/20 tests green,5
8,Day 8,Frontend implementation (T07-T09: New Request form/My Requests+timeline/Stakeholder Inbox) + Docker Compose wiring (T10); full-stack smoke test,frontend/src/**; docker-compose.yml; verified via curl + browser,4.5
9,Day 9,Security assessment against constitution.md + Gate 2 checklist; dependency scans (npm audit both packages); deliberate RED->GREEN re-demonstration for T04/AC7; SQL-injection grep check,assessment/08-security-assessment.md; assessment/10-gate2-evidence.md,4
10,Day 10,Gate 2 sign-off; traceability pass across all artefacts (spec/plan/tasks/tests/ADRs consistent); final walkthrough notes,assessment/10-gate2-evidence.md (Gate 2 Outcome + Walkthrough Notes),2.5
